[{"@type":"mappingTemplate","id":"@1","name":"Demo_Mapping_Source_Control","description":"","autoExpireObject":false,"bundleVersion":"0","assetFrsGuid":"87NZaWDAesYdUc038JQ5oE","templateId":"@3","deployTime":1756793725000,"hasParameters":false,"valid":true,"fixedConnection":true,"hasParametersDeployed":false,"fixedConnectionDeployed":true,"isSchemaValidationEnabled":false,"tasks":0,"mappingPreviewFileRecordId":"@2","documentType":"MAPPING","allowMaxFieldLength":false,"specialCharacterSupport":false,"references":[{"@type":"reference","refObjectId":"@fVHjpFdrSojgZ8D29k4CWD","refType":"connection"},{"@type":"reference","refObjectId":"@7bRiqbuhYJFiUTm8xNK5KF","refType":"connection"}]}]